
-- 0. 清空表
 TRUNCATE TABLE ORDERS;
 TRUNCATE TABLE ORDER_ITEMS;
 TRUNCATE TABLE PAYMENT_INFO;
 TRUNCATE TABLE PRODUCT_IMAGES;
 TRUNCATE TABLE PRODUCT_REVIEWS;
 TRUNCATE TABLE SHOPPING_CART;
 TRUNCATE TABLE PRODUCTS;
 TRUNCATE TABLE PRODUCT_CATEGORIES;
 TRUNCATE TABLE USER_ADDRESSES;
 TRUNCATE TABLE USERS;
 
 
delete from ORDERS;
delete from ORDER_ITEMS;
delete from PAYMENT_INFO;
delete from PRODUCT_IMAGES;
delete from PRODUCT_REVIEWS;
delete from SHOPPING_CART;
delete from PRODUCTS;
delete from PRODUCT_CATEGORIES;
delete from USER_ADDRESSES;
delete from USERS;
COMMIT;
 

-- 1. 用户表 (20条记录)
INSERT INTO users (user_id, username, password, email, phone, register_date, status) VALUES 
(1, '张三', 'zhangsan123', 'zhangsan@example.com', '13800138001', TO_DATE('2022-01-01', 'YYYY-MM-DD'), 1),
(2, '李四', 'lisi456', 'lisi@example.com', '13900139002', TO_DATE('2022-01-05', 'YYYY-MM-DD'), 1),
(3, '王五', 'wangwu789', 'wangwu@example.com', '13700137003', TO_DATE('2022-01-10', 'YYYY-MM-DD'), 1),
(4, '赵六', 'zhaoliu012', 'zhaoliu@example.com', '13600136004', TO_DATE('2022-01-15', 'YYYY-MM-DD'), 1),
(5, '钱七', 'qianqi345', 'qianqi@example.com', '13500135005', TO_DATE('2022-01-20', 'YYYY-MM-DD'), 1),
(6, '孙八', 'sunba678', 'sunba@example.com', '13400134006', TO_DATE('2022-01-25', 'YYYY-MM-DD'), 1),
(7, '周九', 'zhoujiu901', 'zhoujiu@example.com', '13300133007', TO_DATE('2022-02-01', 'YYYY-MM-DD'), 1),
(8, '吴十', 'wushi234', 'wushi@example.com', '13200132008', TO_DATE('2022-02-05', 'YYYY-MM-DD'), 1),
(9, '郑十一', 'zhengshi567', 'zhengshi@example.com', '13100131009', TO_DATE('2022-02-10', 'YYYY-MM-DD'), 1),
(10, '王十二', 'wangshier890', 'wangshier@example.com', '13000130010', TO_DATE('2022-02-15', 'YYYY-MM-DD'), 1),
(11, '刘十三', 'liushisan123', 'liushisan@example.com', '13900139011', TO_DATE('2022-02-20', 'YYYY-MM-DD'), 1),
(12, '陈十四', 'chenshisi456', 'chenshisi@example.com', '13800138012', TO_DATE('2022-02-25', 'YYYY-MM-DD'), 1),
(13, '杨十五', 'yangshiwu789', 'yangshiwu@example.com', '13700137013', TO_DATE('2022-03-01', 'YYYY-MM-DD'), 1),
(14, '黄十六', 'huangshiliu012', 'huangshiliu@example.com', '13600136014', TO_DATE('2022-03-05', 'YYYY-MM-DD'), 1),
(15, '赵十七', 'zhaoshiqi345', 'zhaoshiqi@example.com', '13500135015', TO_DATE('2022-03-10', 'YYYY-MM-DD'), 1),
(16, '钱十八', 'qianshiba678', 'qianshiba@example.com', '13400134016', TO_DATE('2022-03-15', 'YYYY-MM-DD'), 1),
(17, '孙十九', 'sunshijiu901', 'sunshijiu@example.com', '13300133017', TO_DATE('2022-03-20', 'YYYY-MM-DD'), 1),
(18, '李二十', 'liershi234', 'liershi@example.com', '13200132018', TO_DATE('2022-03-25', 'YYYY-MM-DD'), 1),
(19, '周廿一', 'zhounianyi567', 'zhounianyi@example.com', '13100131019', TO_DATE('2022-03-30', 'YYYY-MM-DD'), 1),
(20, '吴廿二', 'wunianer890', 'wunianer@example.com', '13000130020', TO_DATE('2022-04-01', 'YYYY-MM-DD'), 1);
COMMIT;

-- 2. 用户地址表 (50条记录)
INSERT INTO user_addresses (address_id, user_id, receiver_name, receiver_phone, province, city, district, detail_address, is_default) VALUES 
(101, 1, '张三', '13800138001', '北京市', '北京市', '朝阳区', '建国路88号', 1),
(102, 1, '张三', '13800138001', '上海市', '上海市', '浦东新区', '张江高科技园区', 0),
(103, 1, '张三', '13800138001', '广东省', '深圳市', '南山区', '科技园路1号', 0),
(201, 2, '李四', '13900139002', '广东省', '广州市', '天河区', '体育西路103号', 1),
(202, 2, '李四', '13900139002', '湖南省', '长沙市', '岳麓区', '麓谷大道658号', 0),
(301, 3, '王五', '13700137003', '浙江省', '杭州市', '西湖区', '文三路369号', 1),
(302, 3, '王五', '13700137003', '江苏省', '南京市', '鼓楼区', '中山路321号', 0),
(401, 4, '赵六', '13600136004', '四川省', '成都市', '武侯区', '人民南路四段42号', 1),
(402, 4, '赵六', '13600136004', '重庆市', '重庆市', '渝中区', '解放碑步行街', 0),
(501, 5, '钱七', '13500135005', '湖北省', '武汉市', '武昌区', '中北路156号', 1),
(502, 5, '钱七', '13500135005', '河南省', '郑州市', '金水区', '花园路85号', 0),
(601, 6, '孙八', '13400134006', '陕西省', '西安市', '雁塔区', '小寨西路23号', 1),
(602, 6, '孙八', '13400134006', '山东省', '青岛市', '市南区', '香港中路52号', 0),
(701, 7, '周九', '13300133007', '辽宁省', '大连市', '中山区', '人民路76号', 1),
(702, 7, '周九', '13300133007', '吉林省', '长春市', '朝阳区', '工农大路1035号', 0),
(801, 8, '吴十', '13200132008', '福建省', '厦门市', '思明区', '湖滨南路422号', 1),
(802, 8, '吴十', '13200132008', '江西省', '南昌市', '东湖区', '八一大道357号', 0),
(901, 9, '郑十一', '13100131009', '云南省', '昆明市', '五华区', '东风西路99号', 1),
(902, 9, '郑十一', '13100131009', '贵州省', '贵阳市', '云岩区', '中华北路202号', 0),
(1001, 10, '王十二', '13000130010', '广西省', '南宁市', '青秀区', '民族大道136号', 1),
(1002, 10, '王十二', '13000130010', '海南省', '海口市', '龙华区', '滨海大道258号', 0),
(1101, 11, '刘十三', '13900139011', '河北省', '石家庄市', '长安区', '中山东路216号', 1),
(1102, 11, '刘十三', '13900139011', '山西省', '太原市', '小店区', '长风街115号', 0),
(1201, 12, '陈十四', '13800138012', '黑龙江省', '哈尔滨市', '道里区', '中央大街189号', 1),
(1202, 12, '陈十四', '13800138012', '内蒙古', '呼和浩特', '新城区', '新华大街23号', 0),
(1301, 13, '杨十五', '13700137013', '甘肃省', '兰州市', '城关区', '庆阳路488号', 1),
(1302, 13, '杨十五', '13700137013', '宁夏', '银川市', '兴庆区', '解放西街56号', 0),
(1401, 14, '黄十六', '13600136014', '新疆', '乌鲁木齐', '天山区', '人民路123号', 1),
(1402, 14, '黄十六', '13600136014', '青海省', '西宁市', '城西区', '西关大街58号', 0),
(1501, 15, '赵十七', '13500135015', '西藏', '拉萨市', '城关区', '北京中路31号', 1),
(1502, 15, '赵十七', '13500135015', '天津市', '天津市', '和平区', '南京路189号', 0),
(1601, 16, '钱十八', '13400134016', '北京市', '北京市', '海淀区', '中关村大街1号', 1),
(1602, 16, '钱十八', '13400134016', '上海市', '上海市', '静安区', '南京西路1266号', 0),
(1701, 17, '孙十九', '13300133017', '广东省', '广州市', '越秀区', '东风中路363号', 1),
(1702, 17, '孙十九', '13300133017', '浙江省', '宁波市', '海曙区', '中山西路138号', 0),
(1801, 18, '李二十', '13200132018', '江苏省', '苏州市', '姑苏区', '干将东路178号', 1),
(1802, 18, '李二十', '13200132018', '四川省', '绵阳市', '涪城区', '临园路东段62号', 0),
(1901, 19, '周廿一', '13100131019', '湖北省', '宜昌市', '西陵区', '云集路25号', 1),
(1902, 19, '周廿一', '13100131019', '河南省', '洛阳市', '涧西区', '南昌路126号', 0),
(2001, 20, '吴廿二', '13000130020', '陕西省', '宝鸡市', '渭滨区', '经二路155号', 1),
(2002, 20, '吴廿二', '13000130020', '山东省', '济南市', '历下区', '泺源大街66号', 0);
COMMIT;

-- 3. 商品分类表 (15条记录)
INSERT INTO product_categories (category_id, category_name, parent_id, category_level, sort_order) VALUES 
(1001, '电子产品', NULL, 1, 1),
(1002, '服装', NULL, 1, 2),
(1003, '家居用品', NULL, 1, 3),
(1004, '食品饮料', NULL, 1, 4),
(100101, '手机', 1001, 2, 1),
(100102, '笔记本电脑', 1001, 2, 2),
(100103, '智能设备', 1001, 2, 3),
(100201, '男装', 1002, 2, 1),
(100202, '女装', 1002, 2, 2),
(100203, '童装', 1002, 2, 3),
(100301, '厨房用品', 1003, 2, 1),
(100302, '床上用品', 1003, 2, 2),
(100401, '休闲食品', 1004, 2, 1),
(100402, '饮料', 1004, 2, 2),
(100403, '生鲜', 1004, 2, 3);
COMMIT;

-- 4. 商品表 (50条记录)
INSERT INTO products (product_id, category_id, product_name, product_desc, price, stock, sales, create_time, update_time, status) VALUES 
(10001, 100101, '智能手机X', '最新款智能手机，6.5英寸屏幕', 5999.00, 100, 50, TO_DATE('2022-01-01', 'YYYY-MM-DD'), TO_DATE('2022-06-01', 'YYYY-MM-DD'), 1),
(10002, 100101, '智能手机Y', '高性价比手机，6.1英寸屏幕', 2999.00, 200, 120, TO_DATE('2022-01-05', 'YYYY-MM-DD'), TO_DATE('2022-06-05', 'YYYY-MM-DD'), 1),
(10003, 100101, '智能手机Z', '入门级智能手机，5.8英寸屏幕', 1999.00, 150, 80, TO_DATE('2022-01-10', 'YYYY-MM-DD'), TO_DATE('2022-06-10', 'YYYY-MM-DD'), 1),
(10004, 100102, '轻薄笔记本', '超薄设计，高性能，13.3英寸', 8999.00, 50, 30, TO_DATE('2022-01-15', 'YYYY-MM-DD'), TO_DATE('2022-06-15', 'YYYY-MM-DD'), 1),
(10005, 100102, '游戏笔记本', '高性能游戏本，15.6英寸', 12999.00, 30, 15, TO_DATE('2022-01-20', 'YYYY-MM-DD'), TO_DATE('2022-06-20', 'YYYY-MM-DD'), 1),
(10006, 100102, '商务笔记本', '商务办公本，14英寸', 6999.00, 80, 45, TO_DATE('2022-01-25', 'YYYY-MM-DD'), TO_DATE('2022-06-25', 'YYYY-MM-DD'), 1),
(10007, 100103, '智能手表', '多功能智能手表', 1299.00, 120, 70, TO_DATE('2022-02-01', 'YYYY-MM-DD'), TO_DATE('2022-07-01', 'YYYY-MM-DD'), 1),
(10008, 100103, '无线耳机', '降噪无线耳机', 899.00, 180, 100, TO_DATE('2022-02-05', 'YYYY-MM-DD'), TO_DATE('2022-07-05', 'YYYY-MM-DD'), 1),
(10009, 100103, '智能音箱', 'AI语音助手音箱', 499.00, 200, 150, TO_DATE('2022-02-10', 'YYYY-MM-DD'), TO_DATE('2022-07-10', 'YYYY-MM-DD'), 1),
(10010, 100201, '男士T恤', '纯棉舒适短袖T恤', 99.00, 300, 200, TO_DATE('2022-02-15', 'YYYY-MM-DD'), TO_DATE('2022-07-15', 'YYYY-MM-DD'), 1),
(10011, 100201, '男士衬衫', '商务休闲衬衫', 199.00, 250, 120, TO_DATE('2022-02-20', 'YYYY-MM-DD'), TO_DATE('2022-07-20', 'YYYY-MM-DD'), 1),
(10012, 100201, '男士牛仔裤', '修身直筒牛仔裤', 299.00, 180, 90, TO_DATE('2022-02-25', 'YYYY-MM-DD'), TO_DATE('2022-07-25', 'YYYY-MM-DD'), 1),
(10013, 100202, '女士连衣裙', '夏季新款连衣裙', 399.00, 150, 80, TO_DATE('2022-03-01', 'YYYY-MM-DD'), TO_DATE('2022-08-01', 'YYYY-MM-DD'), 1),
(10014, 100202, '女士T恤', '修身短袖T恤', 129.00, 220, 130, TO_DATE('2022-03-05', 'YYYY-MM-DD'), TO_DATE('2022-08-05', 'YYYY-MM-DD'), 1),
(10015, 100202, '女士半身裙', '高腰A字裙', 259.00, 120, 70, TO_DATE('2022-03-10', 'YYYY-MM-DD'), TO_DATE('2022-08-10', 'YYYY-MM-DD'), 1),
(10016, 100203, '儿童T恤', '卡通印花T恤', 69.00, 180, 100, TO_DATE('2022-03-15', 'YYYY-MM-DD'), TO_DATE('2022-08-15', 'YYYY-MM-DD'), 1),
(10017, 100203, '儿童裤子', '运动休闲裤', 89.00, 150, 80, TO_DATE('2022-03-20', 'YYYY-MM-DD'), TO_DATE('2022-08-20', 'YYYY-MM-DD'), 1),
(10018, 100203, '儿童外套', '防风保暖外套', 159.00, 100, 50, TO_DATE('2022-03-25', 'YYYY-MM-DD'), TO_DATE('2022-08-25', 'YYYY-MM-DD'), 1),
(10019, 100301, '不粘锅', '三层复合不粘锅', 199.00, 80, 40, TO_DATE('2022-03-30', 'YYYY-MM-DD'), TO_DATE('2022-08-30', 'YYYY-MM-DD'), 1),
(10020, 100301, '炒锅', '精铁炒锅', 159.00, 90, 45, TO_DATE('2022-04-01', 'YYYY-MM-DD'), TO_DATE('2022-09-01', 'YYYY-MM-DD'), 1),
(10021, 100301, '汤锅', '不锈钢汤锅', 129.00, 70, 35, TO_DATE('2022-04-05', 'YYYY-MM-DD'), TO_DATE('2022-09-05', 'YYYY-MM-DD'), 1),
(10022, 100302, '四件套', '纯棉床上四件套', 399.00, 60, 30, TO_DATE('2022-04-10', 'YYYY-MM-DD'), TO_DATE('2022-09-10', 'YYYY-MM-DD'), 1),
(10023, 100302, '蚕丝被', '100%桑蚕丝被', 899.00, 40, 20, TO_DATE('2022-04-15', 'YYYY-MM-DD'), TO_DATE('2022-09-15', 'YYYY-MM-DD'), 1),
(10024, 100302, '记忆枕', '慢回弹记忆枕', 199.00, 80, 45, TO_DATE('2022-04-20', 'YYYY-MM-DD'), TO_DATE('2022-09-20', 'YYYY-MM-DD'), 1),
(10025, 100401, '薯片', '原味薯片100g', 9.90, 500, 300, TO_DATE('2022-04-25', 'YYYY-MM-DD'), TO_DATE('2022-09-25', 'YYYY-MM-DD'), 1),
(10026, 100401, '坚果', '混合坚果200g', 29.90, 300, 180, TO_DATE('2022-04-30', 'YYYY-MM-DD'), TO_DATE('2022-09-30', 'YYYY-MM-DD'), 1),
(10027, 100401, '巧克力', '牛奶巧克力100g', 19.90, 400, 250, TO_DATE('2022-05-01', 'YYYY-MM-DD'), TO_DATE('2022-10-01', 'YYYY-MM-DD'), 1),
(10028, 100402, '矿泉水', '天然矿泉水550ml', 2.50, 1000, 600, TO_DATE('2022-05-05', 'YYYY-MM-DD'), TO_DATE('2022-10-05', 'YYYY-MM-DD'), 1),
(10029, 100402, '果汁', '100%橙汁1L', 12.90, 200, 120, TO_DATE('2022-05-10', 'YYYY-MM-DD'), TO_DATE('2022-10-10', 'YYYY-MM-DD'), 1),
(10030, 100402, '碳酸饮料', '可乐330ml', 3.50, 800, 500, TO_DATE('2022-05-15', 'YYYY-MM-DD'), TO_DATE('2022-10-15', 'YYYY-MM-DD'), 1),
(10031, 100403, '鸡蛋', '新鲜鸡蛋30枚', 29.90, 150, 90, TO_DATE('2022-05-20', 'YYYY-MM-DD'), TO_DATE('2022-10-20', 'YYYY-MM-DD'), 1),
(10032, 100403, '牛肉', '新鲜牛肉500g', 59.90, 100, 60, TO_DATE('2022-05-25', 'YYYY-MM-DD'), TO_DATE('2022-10-25', 'YYYY-MM-DD'), 1),
(10033, 100403, '蔬菜', '有机蔬菜组合', 39.90, 120, 70, TO_DATE('2022-05-30', 'YYYY-MM-DD'), TO_DATE('2022-10-30', 'YYYY-MM-DD'), 1),
(10034, 100101, '智能手机A', '中端智能手机，6.3英寸', 3999.00, 120, 70, TO_DATE('2022-06-01', 'YYYY-MM-DD'), TO_DATE('2022-11-01', 'YYYY-MM-DD'), 1),
(10035, 100101, '智能手机B', '旗舰级手机，6.7英寸', 6999.00, 80, 40, TO_DATE('2022-06-05', 'YYYY-MM-DD'), TO_DATE('2022-11-05', 'YYYY-MM-DD'), 1),
(10036, 100102, '二合一笔记本', '平板笔记本二合一', 7999.00, 40, 20, TO_DATE('2022-06-10', 'YYYY-MM-DD'), TO_DATE('2022-11-10', 'YYYY-MM-DD'), 1),
(10037, 100102, '工作站笔记本', '专业工作站笔记本', 15999.00, 20, 10, TO_DATE('2022-06-15', 'YYYY-MM-DD'), TO_DATE('2022-11-15', 'YYYY-MM-DD'), 1),
(10038, 100103, '运动手环', '防水运动手环', 299.00, 180, 100, TO_DATE('2022-06-20', 'YYYY-MM-DD'), TO_DATE('2022-11-20', 'YYYY-MM-DD'), 1),
(10039, 100103, '蓝牙耳机', '运动蓝牙耳机', 399.00, 150, 80, TO_DATE('2022-06-25', 'YYYY-MM-DD'), TO_DATE('2022-11-25', 'YYYY-MM-DD'), 1),
(10040, 100201, '男士POLO衫', '商务休闲POLO衫', 259.00, 160, 90, TO_DATE('2022-06-30', 'YYYY-MM-DD'), TO_DATE('2022-11-30', 'YYYY-MM-DD'), 1),
(10041, 100201, '男士休闲裤', '弹力休闲裤', 199.00, 140, 80, TO_DATE('2022-07-01', 'YYYY-MM-DD'), TO_DATE('2022-12-01', 'YYYY-MM-DD'), 1),
(10042, 100202, '女士针织衫', '修身针织衫', 229.00, 130, 70, TO_DATE('2022-07-05', 'YYYY-MM-DD'), TO_DATE('2022-12-05', 'YYYY-MM-DD'), 1),
(10043, 100202, '女士牛仔裤', '高腰修身牛仔裤', 279.00, 110, 60, TO_DATE('2022-07-10', 'YYYY-MM-DD'), TO_DATE('2022-12-10', 'YYYY-MM-DD'), 1),
(10044, 100203, '儿童卫衣', '连帽卫衣', 129.00, 120, 70, TO_DATE('2022-07-15', 'YYYY-MM-DD'), TO_DATE('2022-12-15', 'YYYY-MM-DD'), 1),
(10045, 100203, '儿童运动鞋', '透气运动鞋', 199.00, 90, 50, TO_DATE('2022-07-20', 'YYYY-MM-DD'), TO_DATE('2022-12-20', 'YYYY-MM-DD'), 1),
(10046, 100301, '电饭煲', '智能电饭煲', 399.00, 70, 40, TO_DATE('2022-07-25', 'YYYY-MM-DD'), TO_DATE('2022-12-25', 'YYYY-MM-DD'), 1),
(10047, 100301, '压力锅', '多功能压力锅', 499.00, 50, 30, TO_DATE('2022-07-30', 'YYYY-MM-DD'), TO_DATE('2022-12-30', 'YYYY-MM-DD'), 1),
(10048, 100302, '乳胶枕', '天然乳胶枕', 299.00, 60, 35, TO_DATE('2022-08-01', 'YYYY-MM-DD'), TO_DATE('2023-01-01', 'YYYY-MM-DD'), 1),
(10049, 100302, '夏凉被', '透气夏凉被', 199.00, 80, 45, TO_DATE('2022-08-05', 'YYYY-MM-DD'), TO_DATE('2023-01-05', 'YYYY-MM-DD'), 1),
(10050, 100401, '饼干', '奶油夹心饼干', 12.90, 300, 180, TO_DATE('2022-08-10', 'YYYY-MM-DD'), TO_DATE('2023-01-10', 'YYYY-MM-DD'), 1);
COMMIT;

-- 5. 商品图片表 (150条记录，每个商品3张图片)

INSERT INTO product_images (image_id, product_id, image_url, sort_order) VALUES 
(1, 10001, 'https://img.example.com/products/10001_1.jpg', 1),
(2, 10001, 'https://img.example.com/products/10001_2.jpg', 2),
(3, 10001, 'https://img.example.com/products/10001_3.jpg', 3),
(4, 10002, 'https://img.example.com/products/10002_1.jpg', 1),
(5, 10002, 'https://img.example.com/products/10002_2.jpg', 2),
(6, 10002, 'https://img.example.com/products/10002_3.jpg', 3),
(7, 10003, 'https://img.example.com/products/10003_1.jpg', 1),
(8, 10003, 'https://img.example.com/products/10003_2.jpg', 2),
(9, 10003, 'https://img.example.com/products/10003_3.jpg', 3),
(10, 10004, 'https://img.example.com/products/10004_1.jpg', 1),
(11, 10004, 'https://img.example.com/products/10004_2.jpg', 2),
(12, 10004, 'https://img.example.com/products/10004_3.jpg', 3),
(13, 10005, 'https://img.example.com/products/10005_1.jpg', 1),
(14, 10005, 'https://img.example.com/products/10005_2.jpg', 2),
(15, 10005, 'https://img.example.com/products/10005_3.jpg', 3),
(16, 10006, 'https://img.example.com/products/10006_1.jpg', 1),
(17, 10006, 'https://img.example.com/products/10006_2.jpg', 2),
(18, 10006, 'https://img.example.com/products/10006_3.jpg', 3),
(19, 10007, 'https://img.example.com/products/10007_1.jpg', 1),
(20, 10007, 'https://img.example.com/products/10007_2.jpg', 2),
(21, 10007, 'https://img.example.com/products/10007_3.jpg', 3),
(22, 10008, 'https://img.example.com/products/10008_1.jpg', 1),
(23, 10008, 'https://img.example.com/products/10008_2.jpg', 2),
(24, 10008, 'https://img.example.com/products/10008_3.jpg', 3),
(25, 10009, 'https://img.example.com/products/10009_1.jpg', 1),
(26, 10009, 'https://img.example.com/products/10009_2.jpg', 2),
(27, 10009, 'https://img.example.com/products/10009_3.jpg', 3),
(28, 10010, 'https://img.example.com/products/10010_1.jpg', 1),
(29, 10010, 'https://img.example.com/products/10010_2.jpg', 2),
(30, 10010, 'https://img.example.com/products/10010_3.jpg', 3),
(31, 10011, 'https://img.example.com/products/10011_1.jpg', 1),
(32, 10011, 'https://img.example.com/products/10011_2.jpg', 2),
(33, 10011, 'https://img.example.com/products/10011_3.jpg', 3),
(34, 10012, 'https://img.example.com/products/10012_1.jpg', 1),
(35, 10012, 'https://img.example.com/products/10012_2.jpg', 2),
(36, 10012, 'https://img.example.com/products/10012_3.jpg', 3),
(37, 10013, 'https://img.example.com/products/10013_1.jpg', 1),
(38, 10013, 'https://img.example.com/products/10013_2.jpg', 2),
(39, 10013, 'https://img.example.com/products/10013_3.jpg', 3),
(40, 10014, 'https://img.example.com/products/10014_1.jpg', 1),
(41, 10014, 'https://img.example.com/products/10014_2.jpg', 2),
(42, 10014, 'https://img.example.com/products/10014_3.jpg', 3),
(43, 10015, 'https://img.example.com/products/10015_1.jpg', 1),
(44, 10015, 'https://img.example.com/products/10015_2.jpg', 2),
(45, 10015, 'https://img.example.com/products/10015_3.jpg', 3),
(46, 10016, 'https://img.example.com/products/10016_1.jpg', 1),
(47, 10016, 'https://img.example.com/products/10016_2.jpg', 2),
(48, 10016, 'https://img.example.com/products/10016_3.jpg', 3),
(49, 10017, 'https://img.example.com/products/10017_1.jpg', 1),
(50, 10017, 'https://img.example.com/products/10017_2.jpg', 2),
(51, 10017, 'https://img.example.com/products/10017_3.jpg', 3),
(52, 10018, 'https://img.example.com/products/10018_1.jpg', 1),
(53, 10018, 'https://img.example.com/products/10018_2.jpg', 2),
(54, 10018, 'https://img.example.com/products/10018_3.jpg', 3),
(55, 10019, 'https://img.example.com/products/10019_1.jpg', 1),
(56, 10019, 'https://img.example.com/products/10019_2.jpg', 2),
(57, 10019, 'https://img.example.com/products/10019_3.jpg', 3),
(58, 10020, 'https://img.example.com/products/10020_1.jpg', 1),
(59, 10020, 'https://img.example.com/products/10020_2.jpg', 2),
(60, 10020, 'https://img.example.com/products/10020_3.jpg', 3),
(61, 10021, 'https://img.example.com/products/10021_1.jpg', 1),
(62, 10021, 'https://img.example.com/products/10021_2.jpg', 2),
(63, 10021, 'https://img.example.com/products/10021_3.jpg', 3),
(64, 10022, 'https://img.example.com/products/10022_1.jpg', 1),
(65, 10022, 'https://img.example.com/products/10022_2.jpg', 2),
(66, 10022, 'https://img.example.com/products/10022_3.jpg', 3),
(67, 10023, 'https://img.example.com/products/10023_1.jpg', 1),
(68, 10023, 'https://img.example.com/products/10023_2.jpg', 2),
(69, 10023, 'https://img.example.com/products/10023_3.jpg', 3),
(70, 10024, 'https://img.example.com/products/10024_1.jpg', 1),
(71, 10024, 'https://img.example.com/products/10024_2.jpg', 2),
(72, 10024, 'https://img.example.com/products/10024_3.jpg', 3),
(73, 10025, 'https://img.example.com/products/10025_1.jpg', 1),
(74, 10025, 'https://img.example.com/products/10025_2.jpg', 2),
(75, 10025, 'https://img.example.com/products/10025_3.jpg', 3),
(76, 10026, 'https://img.example.com/products/10026_1.jpg', 1),
(77, 10026, 'https://img.example.com/products/10026_2.jpg', 2),
(78, 10026, 'https://img.example.com/products/10026_3.jpg', 3),
(79, 10027, 'https://img.example.com/products/10027_1.jpg', 1),
(80, 10027, 'https://img.example.com/products/10027_2.jpg', 2),
(81, 10027, 'https://img.example.com/products/10027_3.jpg', 3),
(82, 10028, 'https://img.example.com/products/10028_1.jpg', 1),
(83, 10028, 'https://img.example.com/products/10028_2.jpg', 2),
(84, 10028, 'https://img.example.com/products/10028_3.jpg', 3),
(85, 10029, 'https://img.example.com/products/10029_1.jpg', 1),
(86, 10029, 'https://img.example.com/products/10029_2.jpg', 2),
(87, 10029, 'https://img.example.com/products/10029_3.jpg', 3),
(88, 10030, 'https://img.example.com/products/10030_1.jpg', 1),
(89, 10030, 'https://img.example.com/products/10030_2.jpg', 2),
(90, 10030, 'https://img.example.com/products/10030_3.jpg', 3),
(91, 10031, 'https://img.example.com/products/10031_1.jpg', 1),
(92, 10031, 'https://img.example.com/products/10031_2.jpg', 2),
(93, 10031, 'https://img.example.com/products/10031_3.jpg', 3),
(94, 10032, 'https://img.example.com/products/10032_1.jpg', 1),
(95, 10032, 'https://img.example.com/products/10032_2.jpg', 2),
(96, 10032, 'https://img.example.com/products/10032_3.jpg', 3),
(97, 10033, 'https://img.example.com/products/10033_1.jpg', 1),
(98, 10033, 'https://img.example.com/products/10033_2.jpg', 2),
(99, 10033, 'https://img.example.com/products/10033_3.jpg', 3),
(100, 10034, 'https://img.example.com/products/10034_1.jpg', 1),
(101, 10034, 'https://img.example.com/products/10034_2.jpg', 2),
(102, 10034, 'https://img.example.com/products/10034_3.jpg', 3),
(103, 10035, 'https://img.example.com/products/10035_1.jpg', 1),
(104, 10035, 'https://img.example.com/products/10035_2.jpg', 2),
(105, 10035, 'https://img.example.com/products/10035_3.jpg', 3),
(106, 10036, 'https://img.example.com/products/10036_1.jpg', 1),
(107, 10036, 'https://img.example.com/products/10036_2.jpg', 2),
(108, 10036, 'https://img.example.com/products/10036_3.jpg', 3),
(109, 10037, 'https://img.example.com/products/10037_1.jpg', 1),
(110, 10037, 'https://img.example.com/products/10037_2.jpg', 2),
(111, 10037, 'https://img.example.com/products/10037_3.jpg', 3),
(112, 10038, 'https://img.example.com/products/10038_1.jpg', 1),
(113, 10038, 'https://img.example.com/products/10038_2.jpg', 2),
(114, 10038, 'https://img.example.com/products/10038_3.jpg', 3),
(115, 10039, 'https://img.example.com/products/10039_1.jpg', 1),
(116, 10039, 'https://img.example.com/products/10039_2.jpg', 2),
(117, 10039, 'https://img.example.com/products/10039_3.jpg', 3),
(118, 10040, 'https://img.example.com/products/10040_1.jpg', 1),
(119, 10040, 'https://img.example.com/products/10040_2.jpg', 2),
(120, 10040, 'https://img.example.com/products/10040_3.jpg', 3),
(121, 10041, 'https://img.example.com/products/10041_1.jpg', 1),
(122, 10041, 'https://img.example.com/products/10041_2.jpg', 2),
(123, 10041, 'https://img.example.com/products/10041_3.jpg', 3),
(124, 10042, 'https://img.example.com/products/10042_1.jpg', 1),
(125, 10042, 'https://img.example.com/products/10042_2.jpg', 2),
(126, 10042, 'https://img.example.com/products/10042_3.jpg', 3),
(127, 10043, 'https://img.example.com/products/10043_1.jpg', 1),
(128, 10043, 'https://img.example.com/products/10043_2.jpg', 2),
(129, 10043, 'https://img.example.com/products/10043_3.jpg', 3),
(130, 10044, 'https://img.example.com/products/10044_1.jpg', 1),
(131, 10044, 'https://img.example.com/products/10044_2.jpg', 2),
(132, 10044, 'https://img.example.com/products/10044_3.jpg', 3),
(133, 10045, 'https://img.example.com/products/10045_1.jpg', 1),
(134, 10045, 'https://img.example.com/products/10045_2.jpg', 2),
(135, 10045, 'https://img.example.com/products/10045_3.jpg', 3),
(136, 10046, 'https://img.example.com/products/10046_1.jpg', 1),
(137, 10046, 'https://img.example.com/products/10046_2.jpg', 2),
(138, 10046, 'https://img.example.com/products/10046_3.jpg', 3),
(139, 10047, 'https://img.example.com/products/10047_1.jpg', 1),
(140, 10047, 'https://img.example.com/products/10047_2.jpg', 2),
(141, 10047, 'https://img.example.com/products/10047_3.jpg', 3),
(142, 10048, 'https://img.example.com/products/10048_1.jpg', 1),
(143, 10048, 'https://img.example.com/products/10048_2.jpg', 2),
(144, 10048, 'https://img.example.com/products/10048_3.jpg', 3),
(145, 10049, 'https://img.example.com/products/10049_1.jpg', 1),
(146, 10049, 'https://img.example.com/products/10049_2.jpg', 2),
(147, 10049, 'https://img.example.com/products/10049_3.jpg', 3),
(148, 10050, 'https://img.example.com/products/10050_1.jpg', 1),
(149, 10050, 'https://img.example.com/products/10050_2.jpg', 2),
(150, 10050, 'https://img.example.com/products/10050_3.jpg', 3);
COMMIT;




-- 6. 购物车表 (30条记录)

INSERT INTO shopping_cart (cart_id, user_id, product_id, quantity, selected, create_time) VALUES 
(1, 1, 10001, 1, 1, TO_DATE('2022-11-01', 'YYYY-MM-DD')),
(2, 1, 10010, 2, 1, TO_DATE('2022-11-01', 'YYYY-MM-DD')),
(3, 1, 10025, 3, 0, TO_DATE('2022-11-02', 'YYYY-MM-DD')),
(4, 2, 10004, 1, 1, TO_DATE('2022-11-03', 'YYYY-MM-DD')),
(5, 2, 10015, 1, 1, TO_DATE('2022-11-03', 'YYYY-MM-DD')),
(6, 2, 10028, 5, 1, TO_DATE('2022-11-04', 'YYYY-MM-DD')),
(7, 3, 10007, 1, 1, TO_DATE('2022-11-05', 'YYYY-MM-DD')),
(8, 3, 10012, 2, 1, TO_DATE('2022-11-05', 'YYYY-MM-DD')),
(9, 3, 10030, 2, 0, TO_DATE('2022-11-06', 'YYYY-MM-DD')),
(10, 4, 10005, 1, 1, TO_DATE('2022-11-07', 'YYYY-MM-DD')),
(11, 4, 10019, 1, 1, TO_DATE('2022-11-07', 'YYYY-MM-DD')),
(12, 4, 10026, 2, 1, TO_DATE('2022-11-08', 'YYYY-MM-DD')),
(13, 5, 10008, 1, 1, TO_DATE('2022-11-09', 'YYYY-MM-DD')),
(14, 5, 10020, 1, 1, TO_DATE('2022-11-09', 'YYYY-MM-DD')),
(15, 5, 10027, 3, 0, TO_DATE('2022-11-10', 'YYYY-MM-DD')),
(16, 6, 10009, 1, 1, TO_DATE('2022-11-11', 'YYYY-MM-DD')),
(17, 6, 10022, 1, 1, TO_DATE('2022-11-11', 'YYYY-MM-DD')),
(18, 6, 10029, 2, 1, TO_DATE('2022-11-12', 'YYYY-MM-DD')),
(19, 7, 10002, 1, 1, TO_DATE('2022-11-13', 'YYYY-MM-DD')),
(20, 7, 10013, 1, 1, TO_DATE('2022-11-13', 'YYYY-MM-DD')),
(21, 7, 10031, 1, 0, TO_DATE('2022-11-14', 'YYYY-MM-DD')),
(22, 8, 10003, 1, 1, TO_DATE('2022-11-15', 'YYYY-MM-DD')),
(23, 8, 10014, 1, 1, TO_DATE('2022-11-15', 'YYYY-MM-DD')),
(24, 8, 10032, 1, 1, TO_DATE('2022-11-16', 'YYYY-MM-DD')),
(25, 9, 10006, 1, 1, TO_DATE('2022-11-17', 'YYYY-MM-DD')),
(26, 9, 10016, 1, 1, TO_DATE('2022-11-17', 'YYYY-MM-DD')),
(27, 9, 10033, 1, 0, TO_DATE('2022-11-18', 'YYYY-MM-DD')),
(28, 10, 10011, 1, 1, TO_DATE('2022-11-19', 'YYYY-MM-DD')),
(29, 10, 10017, 1, 1, TO_DATE('2022-11-19', 'YYYY-MM-DD')),
(30, 10, 10034, 1, 1, TO_DATE('2022-11-20', 'YYYY-MM-DD'));
COMMIT;


-- 7. 订单表 (20条记录)

INSERT INTO orders (order_id, order_no, user_id, address_id, total_amount, payment_amount, freight_amount, order_status, payment_time, delivery_time, receive_time, create_time) VALUES 
(1001, 'ORD20221101001', 1, 101, 6197.00, 6197.00, 0, 4, TO_DATE('2022-11-01 10:30:00', 'YYYY-MM-DD HH24:MI:SS'), TO_DATE('2022-11-02 09:15:00', 'YYYY-MM-DD HH24:MI:SS'), TO_DATE('2022-11-03 14:20:00', 'YYYY-MM-DD HH24:MI:SS'), TO_DATE('2022-11-01 10:00:00', 'YYYY-MM-DD HH24:MI:SS')),
(1002, 'ORD20221102001', 2, 201, 9118.00, 9118.00, 0, 4, TO_DATE('2022-11-02 11:20:00', 'YYYY-MM-DD HH24:MI:SS'), TO_DATE('2022-11-03 10:30:00', 'YYYY-MM-DD HH24:MI:SS'), TO_DATE('2022-11-04 16:45:00', 'YYYY-MM-DD HH24:MI:SS'), TO_DATE('2022-11-02 11:00:00', 'YYYY-MM-DD HH24:MI:SS')),
(1003, 'ORD20221103001', 3, 301, 1598.00, 1598.00, 0, 4, TO_DATE('2022-11-03 14:45:00', 'YYYY-MM-DD HH24:MI:SS'), TO_DATE('2022-11-04 13:20:00', 'YYYY-MM-DD HH24:MI:SS'), TO_DATE('2022-11-05 10:30:00', 'YYYY-MM-DD HH24:MI:SS'), TO_DATE('2022-11-03 14:30:00', 'YYYY-MM-DD HH24:MI:SS')),
(1004, 'ORD20221104001', 4, 401, 9298.00, 9298.00, 0, 3, TO_DATE('2022-11-04 15:30:00', 'YYYY-MM-DD HH24:MI:SS'), TO_DATE('2022-11-05 14:15:00', 'YYYY-MM-DD HH24:MI:SS'), NULL, TO_DATE('2022-11-04 15:00:00', 'YYYY-MM-DD HH24:MI:SS')),
(1005, 'ORD20221105001', 5, 501, 1297.00, 1297.00, 0, 2, TO_DATE('2022-11-05 16:20:00', 'YYYY-MM-DD HH24:MI:SS'), NULL, NULL, TO_DATE('2022-11-05 16:00:00', 'YYYY-MM-DD HH24:MI:SS')),
(1006, 'ORD20221106001', 6, 601, 499.00, 499.00, 0, 1, NULL, NULL, NULL, TO_DATE('2022-11-06 09:15:00', 'YYYY-MM-DD HH24:MI:SS')),
(1007, 'ORD20221107001', 7, 701, 1528.00, 1528.00, 0, 4, TO_DATE('2022-11-07 10:30:00', 'YYYY-MM-DD HH24:MI:SS'), TO_DATE('2022-11-08 09:45:00', 'YYYY-MM-DD HH24:MI:SS'), TO_DATE('2022-11-09 11:20:00', 'YYYY-MM-DD HH24:MI:SS'), TO_DATE('2022-11-07 10:00:00', 'YYYY-MM-DD HH24:MI:SS')),
(1008, 'ORD20221108001', 8, 801, 2278.00, 2278.00, 0, 4, TO_DATE('2022-11-08 13:45:00', 'YYYY-MM-DD HH24:MI:SS'), TO_DATE('2022-11-09 14:30:00', 'YYYY-MM-DD HH24:MI:SS'), TO_DATE('2022-11-10 09:15:00', 'YYYY-MM-DD HH24:MI:SS'), TO_DATE('2022-11-08 13:30:00', 'YYYY-MM-DD HH24:MI:SS')),
(1009, 'ORD20221109001', 9, 901, 328.00, 328.00, 0, 3, TO_DATE('2022-11-09 15:20:00', 'YYYY-MM-DD HH24:MI:SS'), TO_DATE('2022-11-10 16:45:00', 'YYYY-MM-DD HH24:MI:SS'), NULL, TO_DATE('2022-11-09 15:00:00', 'YYYY-MM-DD HH24:MI:SS')),
(1010, 'ORD20221110001', 10, 1001, 458.00, 458.00, 0, 2, TO_DATE('2022-11-10 16:30:00', 'YYYY-MM-DD HH24:MI:SS'), NULL, NULL, TO_DATE('2022-11-10 16:00:00', 'YYYY-MM-DD HH24:MI:SS')),
(1011, 'ORD20221111001', 11, 1101, 5999.00, 5999.00, 0, 1, NULL, NULL, NULL, TO_DATE('2022-11-11 09:45:00', 'YYYY-MM-DD HH24:MI:SS')),
(1012, 'ORD20221112001', 12, 1201, 399.00, 399.00, 0, 4, TO_DATE('2022-11-12 11:20:00', 'YYYY-MM-DD HH24:MI:SS'), TO_DATE('2022-11-13 10:15:00', 'YYYY-MM-DD HH24:MI:SS'), TO_DATE('2022-11-14 14:30:00', 'YYYY-MM-DD HH24:MI:SS'), TO_DATE('2022-11-12 11:00:00', 'YYYY-MM-DD HH24:MI:SS')),
(1013, 'ORD20221113001', 13, 1301, 1299.00, 1299.00, 0, 4, TO_DATE('2022-11-13 14:15:00', 'YYYY-MM-DD HH24:MI:SS'), TO_DATE('2022-11-14 15:30:00', 'YYYY-MM-DD HH24:MI:SS'), TO_DATE('2022-11-15 10:45:00', 'YYYY-MM-DD HH24:MI:SS'), TO_DATE('2022-11-13 14:00:00', 'YYYY-MM-DD HH24:MI:SS')),
(1014, 'ORD20221114001', 14, 1401, 199.00, 199.00, 0, 3, TO_DATE('2022-11-14 15:45:00', 'YYYY-MM-DD HH24:MI:SS'), TO_DATE('2022-11-15 16:20:00', 'YYYY-MM-DD HH24:MI:SS'), NULL, TO_DATE('2022-11-14 15:30:00', 'YYYY-MM-DD HH24:MI:SS')),
(1015, 'ORD20221115001', 15, 1501, 299.00, 299.00, 0, 2, TO_DATE('2022-11-15 16:20:00', 'YYYY-MM-DD HH24:MI:SS'), NULL, NULL, TO_DATE('2022-11-15 16:00:00', 'YYYY-MM-DD HH24:MI:SS')),
(1016, 'ORD20221116001', 16, 1601, 3999.00, 3999.00, 0, 1, NULL, NULL, NULL, TO_DATE('2022-11-16 09:30:00', 'YYYY-MM-DD HH24:MI:SS')),
(1017, 'ORD20221117001', 17, 1701, 628.00, 628.00, 0, 4, TO_DATE('2022-11-17 10:45:00', 'YYYY-MM-DD HH24:MI:SS'), TO_DATE('2022-11-18 11:30:00', 'YYYY-MM-DD HH24:MI:SS'), TO_DATE('2022-11-19 15:20:00', 'YYYY-MM-DD HH24:MI:SS'), TO_DATE('2022-11-17 10:30:00', 'YYYY-MM-DD HH24:MI:SS')),
(1018, 'ORD20221118001', 18, 1801, 279.00, 279.00, 0, 4, TO_DATE('2022-11-18 13:20:00', 'YYYY-MM-DD HH24:MI:SS'), TO_DATE('2022-11-19 14:45:00', 'YYYY-MM-DD HH24:MI:SS'), TO_DATE('2022-11-20 10:30:00', 'YYYY-MM-DD HH24:MI:SS'), TO_DATE('2022-11-18 13:00:00', 'YYYY-MM-DD HH24:MI:SS')),
(1019, 'ORD20221119001', 19, 1901, 199.00, 199.00, 0, 3, TO_DATE('2022-11-19 15:30:00', 'YYYY-MM-DD HH24:MI:SS'), TO_DATE('2022-11-20 16:15:00', 'YYYY-MM-DD HH24:MI:SS'), NULL, TO_DATE('2022-11-19 15:00:00', 'YYYY-MM-DD HH24:MI:SS')),
(1020, 'ORD20221120001', 20, 2001, 6999.00, 6999.00, 0, 2, TO_DATE('2022-11-20 16:45:00', 'YYYY-MM-DD HH24:MI:SS'), NULL, NULL, TO_DATE('2022-11-20 16:30:00', 'YYYY-MM-DD HH24:MI:SS'));
COMMIT;


-- 8. 订单明细表 (50条记录)

INSERT INTO order_items (item_id, order_id, product_id, product_name, product_image, price, quantity, total_price) VALUES 
(1, 1001, 10001, '智能手机X', 'http://example.com/images/10001_1.jpg', 5999.00, 1, 5999.00),
(2, 1001, 10010, '男士T恤', 'http://example.com/images/10010_1.jpg', 99.00, 2, 198.00),
(3, 1002, 10004, '轻薄笔记本', 'http://example.com/images/10004_1.jpg', 8999.00, 1, 8999.00),
(4, 1002, 10015, '女士半身裙', 'http://example.com/images/10015_1.jpg', 259.00, 1, 259.00),
(5, 1003, 10007, '智能手表', 'http://example.com/images/10007_1.jpg', 1299.00, 1, 1299.00),
(6, 1003, 10012, '男士牛仔裤', 'http://example.com/images/10012_1.jpg', 299.00, 1, 299.00),
(7, 1004, 10005, '游戏笔记本', 'http://example.com/images/10005_1.jpg', 12999.00, 1, 12999.00),
(8, 1004, 10019, '不粘锅', 'http://example.com/images/10019_1.jpg', 199.00, 1, 199.00),
(9, 1005, 10008, '无线耳机', 'http://example.com/images/10008_1.jpg', 899.00, 1, 899.00),
(10, 1005, 10020, '炒锅', 'http://example.com/images/10020_1.jpg', 159.00, 1, 159.00),
(11, 1006, 10009, '智能音箱', 'http://example.com/images/10009_1.jpg', 499.00, 1, 499.00),
(12, 1007, 10002, '智能手机Y', 'http://example.com/images/10002_1.jpg', 2999.00, 1, 2999.00),
(13, 1007, 10013, '女士连衣裙', 'http://example.com/images/10013_1.jpg', 399.00, 1, 399.00),
(14, 1008, 10003, '智能手机Z', 'http://example.com/images/10003_1.jpg', 1999.00, 1, 1999.00),
(15, 1008, 10014, '女士T恤', 'http://example.com/images/10014_1.jpg', 129.00, 2, 258.00),
(16, 1009, 10006, '商务笔记本', 'http://example.com/images/10006_1.jpg', 6999.00, 1, 6999.00),
(17, 1009, 10016, '儿童T恤', 'http://example.com/images/10016_1.jpg', 69.00, 1, 69.00),
(18, 1010, 10011, '男士衬衫', 'http://example.com/images/10011_1.jpg', 199.00, 1, 199.00),
(19, 1010, 10017, '儿童裤子', 'http://example.com/images/10017_1.jpg', 89.00, 1, 89.00),
(20, 1011, 10001, '智能手机X', 'http://example.com/images/10001_1.jpg', 5999.00, 1, 5999.00),
(21, 1012, 10022, '四件套', 'http://example.com/images/10022_1.jpg', 399.00, 1, 399.00),
(22, 1013, 10007, '智能手表', 'http://example.com/images/10007_1.jpg', 1299.00, 1, 1299.00),
(23, 1014, 10019, '不粘锅', 'http://example.com/images/10019_1.jpg', 199.00, 1, 199.00),
(24, 1015, 10024, '记忆枕', 'http://example.com/images/10024_1.jpg', 299.00, 1, 299.00),
(25, 1016, 10034, '智能手机A', 'http://example.com/images/10034_1.jpg', 3999.00, 1, 3999.00),
(26, 1017, 10014, '女士T恤', 'http://example.com/images/10014_1.jpg', 129.00, 1, 129.00),
(27, 1017, 10015, '女士半身裙', 'http://example.com/images/10015_1.jpg', 259.00, 1, 259.00),
(28, 1017, 10028, '矿泉水', 'http://example.com/images/10028_1.jpg', 2.50, 4, 10.00),
(29, 1018, 10043, '女士牛仔裤', 'http://example.com/images/10043_1.jpg', 279.00, 1, 279.00),
(30, 1019, 10019, '不粘锅', 'http://example.com/images/10019_1.jpg', 199.00, 1, 199.00),
(31, 1020, 10035, '智能手机B', 'http://example.com/images/10035_1.jpg', 6999.00, 1, 6999.00),
(32, 1001, 10028, '矿泉水', 'http://example.com/images/10028_1.jpg', 2.50, 6, 15.00),
(33, 1002, 10029, '果汁', 'http://example.com/images/10029_1.jpg', 12.90, 2, 25.80),
(34, 1003, 10030, '碳酸饮料', 'http://example.com/images/10030_1.jpg', 3.50, 3, 10.50),
(35, 1004, 10031, '鸡蛋', 'http://example.com/images/10031_1.jpg', 29.90, 1, 29.90),
(36, 1005, 10032, '牛肉', 'http://example.com/images/10032_1.jpg', 59.90, 1, 59.90),
(37, 1006, 10033, '蔬菜', 'http://example.com/images/10033_1.jpg', 39.90, 1, 39.90),
(38, 1007, 10025, '薯片', 'http://example.com/images/10025_1.jpg', 9.90, 3, 29.70),
(39, 1008, 10026, '坚果', 'http://example.com/images/10026_1.jpg', 29.90, 1, 29.90),
(40, 1009, 10027, '巧克力', 'http://example.com/images/10027_1.jpg', 19.90, 2, 39.80),
(41, 1010, 10028, '矿泉水', 'http://example.com/images/10028_1.jpg', 2.50, 8, 20.00),
(42, 1011, 10029, '果汁', 'http://example.com/images/10029_1.jpg', 12.90, 3, 38.70),
(43, 1012, 10030, '碳酸饮料', 'http://example.com/images/10030_1.jpg', 3.50, 5, 17.50),
(44, 1013, 10031, '鸡蛋', 'http://example.com/images/10031_1.jpg', 29.90, 2, 59.80),
(45, 1014, 10032, '牛肉', 'http://example.com/images/10032_1.jpg', 59.90, 1, 59.90),
(46, 1015, 10033, '蔬菜', 'http://example.com/images/10033_1.jpg', 39.90, 2, 79.80),
(47, 1016, 10025, '薯片', 'http://example.com/images/10025_1.jpg', 9.90, 4, 39.60),
(48, 1017, 10026, '坚果', 'http://example.com/images/10026_1.jpg', 29.90, 2, 59.80),
(49, 1018, 10027, '巧克力', 'http://example.com/images/10027_1.jpg', 19.90, 3, 59.70),
(50, 1019, 10028, '矿泉水', 'http://example.com/images/10028_1.jpg', 2.50, 10, 25.00);
COMMIT;


-- 9. 支付信息表 (20条记录)

INSERT INTO payment_info (payment_id, order_id, payment_type, trade_no, payment_amount, payment_status, create_time, callback_time) VALUES 
(1, 1001, 1, 'PAY202211010001', 6197.00, 1, TO_DATE('2022-11-01 10:30:00', 'YYYY-MM-DD HH24:MI:SS'), TO_DATE('2022-11-01 10:31:00', 'YYYY-MM-DD HH24:MI:SS')),
(2, 1002, 2, 'PAY202211020001', 9118.00, 1, TO_DATE('2022-11-02 11:20:00', 'YYYY-MM-DD HH24:MI:SS'), TO_DATE('2022-11-02 11:21:00', 'YYYY-MM-DD HH24:MI:SS')),
(3, 1003, 1, 'PAY202211030001', 1598.00, 1, TO_DATE('2022-11-03 14:45:00', 'YYYY-MM-DD HH24:MI:SS'), TO_DATE('2022-11-03 14:46:00', 'YYYY-MM-DD HH24:MI:SS')),
(4, 1004, 3, 'PAY202211040001', 9298.00, 1, TO_DATE('2022-11-04 15:30:00', 'YYYY-MM-DD HH24:MI:SS'), TO_DATE('2022-11-04 15:31:00', 'YYYY-MM-DD HH24:MI:SS')),
(5, 1005, 1, 'PAY202211050001', 1297.00, 1, TO_DATE('2022-11-05 16:20:00', 'YYYY-MM-DD HH24:MI:SS'), TO_DATE('2022-11-05 16:21:00', 'YYYY-MM-DD HH24:MI:SS')),
(6, 1006, 2, 'PAY202211060001', 499.00, 0, TO_DATE('2022-11-06 09:15:00', 'YYYY-MM-DD HH24:MI:SS'), NULL),
(7, 1007, 1, 'PAY202211070001', 1528.00, 1, TO_DATE('2022-11-07 10:30:00', 'YYYY-MM-DD HH24:MI:SS'), TO_DATE('2022-11-07 10:31:00', 'YYYY-MM-DD HH24:MI:SS')),
(8, 1008, 2, 'PAY202211080001', 2278.00, 1, TO_DATE('2022-11-08 13:45:00', 'YYYY-MM-DD HH24:MI:SS'), TO_DATE('2022-11-08 13:46:00', 'YYYY-MM-DD HH24:MI:SS')),
(9, 1009, 3, 'PAY202211090001', 328.00, 1, TO_DATE('2022-11-09 15:20:00', 'YYYY-MM-DD HH24:MI:SS'), TO_DATE('2022-11-09 15:21:00', 'YYYY-MM-DD HH24:MI:SS')),
(10, 1010, 1, 'PAY202211100001', 458.00, 1, TO_DATE('2022-11-10 16:30:00', 'YYYY-MM-DD HH24:MI:SS'), TO_DATE('2022-11-10 16:31:00', 'YYYY-MM-DD HH24:MI:SS')),
(11, 1011, 2, 'PAY202211110001', 5999.00, 0, TO_DATE('2022-11-11 09:45:00', 'YYYY-MM-DD HH24:MI:SS'), NULL),
(12, 1012, 1, 'PAY202211120001', 399.00, 1, TO_DATE('2022-11-12 11:20:00', 'YYYY-MM-DD HH24:MI:SS'), TO_DATE('2022-11-12 11:21:00', 'YYYY-MM-DD HH24:MI:SS')),
(13, 1013, 2, 'PAY202211130001', 1299.00, 1, TO_DATE('2022-11-13 14:15:00', 'YYYY-MM-DD HH24:MI:SS'), TO_DATE('2022-11-13 14:16:00', 'YYYY-MM-DD HH24:MI:SS')),
(14, 1014, 3, 'PAY202211140001', 199.00, 1, TO_DATE('2022-11-14 15:45:00', 'YYYY-MM-DD HH24:MI:SS'), TO_DATE('2022-11-14 15:46:00', 'YYYY-MM-DD HH24:MI:SS')),
(15, 1015, 1, 'PAY202211150001', 299.00, 1, TO_DATE('2022-11-15 16:20:00', 'YYYY-MM-DD HH24:MI:SS'), TO_DATE('2022-11-15 16:21:00', 'YYYY-MM-DD HH24:MI:SS')),
(16, 1016, 2, 'PAY202211160001', 3999.00, 0, TO_DATE('2022-11-16 09:30:00', 'YYYY-MM-DD HH24:MI:SS'), NULL),
(17, 1017, 1, 'PAY202211170001', 628.00, 1, TO_DATE('2022-11-17 10:45:00', 'YYYY-MM-DD HH24:MI:SS'), TO_DATE('2022-11-17 10:46:00', 'YYYY-MM-DD HH24:MI:SS')),
(18, 1018, 2, 'PAY202211180001', 279.00, 1, TO_DATE('2022-11-18 13:20:00', 'YYYY-MM-DD HH24:MI:SS'), TO_DATE('2022-11-18 13:21:00', 'YYYY-MM-DD HH24:MI:SS')),
(19, 1019, 3, 'PAY202211190001', 199.00, 1, TO_DATE('2022-11-19 15:30:00', 'YYYY-MM-DD HH24:MI:SS'), TO_DATE('2022-11-19 15:31:00', 'YYYY-MM-DD HH24:MI:SS')),
(20, 1020, 1, 'PAY202211200001', 6999.00, 1, TO_DATE('2022-11-20 16:45:00', 'YYYY-MM-DD HH24:MI:SS'), TO_DATE('2022-11-20 16:46:00', 'YYYY-MM-DD HH24:MI:SS'));
COMMIT;


-- 10. 评价表 (50条记录)

INSERT INTO product_reviews (review_id, user_id, product_id, order_id, rating, content, review_time, is_anonymous) VALUES 
(1, 1, 10001, 1001, 5, '手机运行流畅，拍照效果超出预期，电池续航也很给力', TO_DATE('2022-11-04 10:30:00', 'YYYY-MM-DD HH24:MI:SS'), 0),
(2, 1, 10010, 1001, 4, 'T恤面料舒适，版型不错，就是颜色比图片稍暗', TO_DATE('2022-11-04 11:20:00', 'YYYY-MM-DD HH24:MI:SS'), 0),
(3, 2, 10004, 1002, 5, '笔记本轻薄便携，性能强劲，办公娱乐两不误', TO_DATE('2022-11-05 09:15:00', 'YYYY-MM-DD HH24:MI:SS'), 0),
(4, 2, 10015, 1002, 4, '裙子做工精细，穿着很显气质，就是有点容易皱', TO_DATE('2022-11-05 10:30:00', 'YYYY-MM-DD HH24:MI:SS'), 0),
(5, 3, 10007, 1003, 5, '智能手表功能齐全，运动监测很准确，续航一周没问题', TO_DATE('2022-11-06 14:45:00', 'YYYY-MM-DD HH24:MI:SS'), 0),
(6, 3, 10012, 1003, 4, '牛仔裤版型修身，穿着舒适，就是第一次洗有点掉色', TO_DATE('2022-11-06 15:30:00', 'YYYY-MM-DD HH24:MI:SS'), 0),
(7, 4, 10005, 1004, 5, '游戏本性能强悍，散热效果出色，3A大作流畅运行', TO_DATE('2022-11-07 16:20:00', 'YYYY-MM-DD HH24:MI:SS'), 0),
(8, 4, 10019, 1004, 4, '不粘锅确实不粘，加热均匀，就是手柄有点烫手', TO_DATE('2022-11-07 17:15:00', 'YYYY-MM-DD HH24:MI:SS'), 0),
(9, 5, 10008, 1005, 5, '降噪耳机效果惊艳，音质清晰，佩戴舒适不压耳', TO_DATE('2022-11-08 09:30:00', 'YYYY-MM-DD HH24:MI:SS'), 0),
(10, 5, 10020, 1005, 4, '炒锅加热快，油烟少，就是重量有点沉', TO_DATE('2022-11-08 10:45:00', 'YYYY-MM-DD HH24:MI:SS'), 0),
(11, 6, 10009, 1006, 5, '智能音箱音质出色，语音助手反应灵敏，家居控制很方便', TO_DATE('2022-11-09 11:20:00', 'YYYY-MM-DD HH24:MI:SS'), 0),
(12, 7, 10002, 1007, 4, '手机性价比高，系统流畅，就是充电速度一般', TO_DATE('2022-11-10 13:45:00', 'YYYY-MM-DD HH24:MI:SS'), 0),
(13, 7, 10013, 1007, 5, '连衣裙款式时尚，做工精细，穿着很显身材', TO_DATE('2022-11-10 14:30:00', 'YYYY-MM-DD HH24:MI:SS'), 0),
(14, 8, 10003, 1008, 4, '手机操作简单，适合老人使用，续航能力不错', TO_DATE('2022-11-11 15:20:00', 'YYYY-MM-DD HH24:MI:SS'), 0),
(15, 8, 10014, 1008, 5, 'T恤面料柔软透气，颜色正，洗后不变形', TO_DATE('2022-11-11 16:15:00', 'YYYY-MM-DD HH24:MI:SS'), 0),
(16, 9, 10006, 1009, 5, '商务本键盘手感好，运行安静，出差携带方便', TO_DATE('2022-11-12 09:30:00', 'YYYY-MM-DD HH24:MI:SS'), 0),
(17, 9, 10016, 1009, 4, '儿童T恤图案可爱，面料舒适，就是尺码偏小', TO_DATE('2022-11-12 10:45:00', 'YYYY-MM-DD HH24:MI:SS'), 0),
(18, 10, 10011, 1010, 5, '衬衫版型修身，面料挺括，商务休闲都合适', TO_DATE('2022-11-13 11:20:00', 'YYYY-MM-DD HH24:MI:SS'), 0),
(19, 10, 10017, 1010, 4, '儿童裤子弹性好，运动方便，就是裤腿有点长', TO_DATE('2022-11-13 12:30:00', 'YYYY-MM-DD HH24:MI:SS'), 0),
(20, 11, 10001, 1011, 5, '手机拍照效果惊艳，夜景模式特别出色', TO_DATE('2022-11-14 13:45:00', 'YYYY-MM-DD HH24:MI:SS'), 0),
(21, 12, 10022, 1012, 4, '四件套面料舒适，花色漂亮，就是有点缩水', TO_DATE('2022-11-15 14:15:00', 'YYYY-MM-DD HH24:MI:SS'), 0),
(22, 13, 10007, 1013, 5, '手表健康监测功能实用，运动数据准确', TO_DATE('2022-11-16 15:30:00', 'YYYY-MM-DD HH24:MI:SS'), 0),
(23, 14, 10019, 1014, 4, '锅子不粘效果确实好，就是有点重', TO_DATE('2022-11-17 16:45:00', 'YYYY-MM-DD HH24:MI:SS'), 0),
(24, 15, 10024, 1015, 5, '记忆枕支撑性好，睡醒脖子不酸了', TO_DATE('2022-11-18 09:20:00', 'YYYY-MM-DD HH24:MI:SS'), 0),
(25, 16, 10034, 1016, 4, '手机性能均衡，性价比高，系统流畅', TO_DATE('2022-11-19 10:30:00', 'YYYY-MM-DD HH24:MI:SS'), 0),
(26, 17, 10014, 1017, 5, 'T恤面料舒适，多次洗涤不变形', TO_DATE('2022-11-20 11:45:00', 'YYYY-MM-DD HH24:MI:SS'), 0),
(27, 17, 10015, 1017, 4, '半身裙款式漂亮，就是有点容易皱', TO_DATE('2022-11-20 12:30:00', 'YYYY-MM-DD HH24:MI:SS'), 0),
(28, 17, 10028, 1017, 5, '矿泉水口感清甜，送货速度快', TO_DATE('2022-11-20 13:15:00', 'YYYY-MM-DD HH24:MI:SS'), 0),
(29, 18, 10043, 1018, 4, '牛仔裤版型修身，就是第一次洗有点掉色', TO_DATE('2022-11-21 14:20:00', 'YYYY-MM-DD HH24:MI:SS'), 0),
(30, 19, 10019, 1019, 5, '不粘锅确实好用，煎蛋不放油也不粘', TO_DATE('2022-11-22 15:30:00', 'YYYY-MM-DD HH24:MI:SS'), 0),
(31, 20, 10035, 1020, 5, '旗舰手机性能强悍，屏幕显示效果惊艳', TO_DATE('2022-11-23 16:45:00', 'YYYY-MM-DD HH24:MI:SS'), 0),
(32, 1, 10028, 1001, 4, '矿泉水包装完好，就是配送时有点磕碰', TO_DATE('2022-11-24 09:15:00', 'YYYY-MM-DD HH24:MI:SS'), 0),
(33, 2, 10029, 1002, 5, '果汁纯正无添加，孩子很喜欢喝', TO_DATE('2022-11-25 10:30:00', 'YYYY-MM-DD HH24:MI:SS'), 0),
(34, 3, 10030, 1003, 4, '可乐气足味正，冰镇后更好喝', TO_DATE('2022-11-26 11:45:00', 'YYYY-MM-DD HH24:MI:SS'), 0),
(35, 4, 10031, 1004, 5, '鸡蛋新鲜，蛋黄颜色深，品质不错', TO_DATE('2022-11-27 12:30:00', 'YYYY-MM-DD HH24:MI:SS'), 0),
(36, 5, 10032, 1005, 4, '牛肉纹理漂亮，做牛排口感嫩', TO_DATE('2022-11-28 13:15:00', 'YYYY-MM-DD HH24:MI:SS'), 0),
(37, 6, 10033, 1006, 5, '蔬菜新鲜干净，配送速度快', TO_DATE('2022-11-29 14:20:00', 'YYYY-MM-DD HH24:MI:SS'), 0),
(38, 7, 10025, 1007, 4, '薯片口感酥脆，就是有点咸', TO_DATE('2022-11-30 15:30:00', 'YYYY-MM-DD HH24:MI:SS'), 0),
(39, 8, 10026, 1008, 5, '坚果种类丰富，新鲜不油腻', TO_DATE('2022-12-01 16:45:00', 'YYYY-MM-DD HH24:MI:SS'), 0),
(40, 9, 10027, 1009, 4, '巧克力口感丝滑，甜度适中', TO_DATE('2022-12-02 09:20:00', 'YYYY-MM-DD HH24:MI:SS'), 0),
(41, 10, 10028, 1010, 5, '矿泉水包装严实，配送及时', TO_DATE('2022-12-03 10:30:00', 'YYYY-MM-DD HH24:MI:SS'), 0),
(42, 11, 10029, 1011, 4, '果汁味道纯正，就是有点小贵', TO_DATE('2022-12-04 11:45:00', 'YYYY-MM-DD HH24:MI:SS'), 0),
(43, 12, 10030, 1012, 5, '可乐气足，冰镇后特别解渴', TO_DATE('2022-12-05 12:30:00', 'YYYY-MM-DD HH24:MI:SS'), 0),
(44, 13, 10031, 1013, 4, '鸡蛋新鲜，蛋黄紧实', TO_DATE('2022-12-06 13:15:00', 'YYYY-MM-DD HH24:MI:SS'), 0),
(45, 14, 10032, 1014, 5, '牛肉质量好，做牛排很嫩', TO_DATE('2022-12-07 14:20:00', 'YYYY-MM-DD HH24:MI:SS'), 0),
(46, 15, 10033, 1015, 4, '蔬菜新鲜，品种丰富', TO_DATE('2022-12-08 15:30:00', 'YYYY-MM-DD HH24:MI:SS'), 0),
(47, 16, 10025, 1016, 5, '薯片口感酥脆，多种口味可选', TO_DATE('2022-12-09 16:45:00', 'YYYY-MM-DD HH24:MI:SS'), 0),
(48, 17, 10026, 1017, 4, '坚果新鲜，包装精美', TO_DATE('2022-12-10 09:20:00', 'YYYY-MM-DD HH24:MI:SS'), 0),
(49, 18, 10027, 1018, 5, '巧克力口感细腻，送礼体面', TO_DATE('2022-12-11 10:30:00', 'YYYY-MM-DD HH24:MI:SS'), 0),
(50, 19, 10028, 1019, 4, '矿泉水配送快，包装完好', TO_DATE('2022-12-12 11:45:00', 'YYYY-MM-DD HH24:MI:SS'), 0);
COMMIT;